-- Add data to the categories table
INSERT INTO inventory.categories
    (description, product_line)
VALUES
    ('Olive Oils', 'Gourmet Chef'),
    ('Flavor Infused Oils', 'Gourmet Chef'),
    ('Bath and Beauty', 'Cosmetics')
;

-- Add data to the customers table
INSERT INTO sales.customers VALUES
    ('FV418', 'Flavorville', '798 Ravinia Road', 'Des Moines', 'IA', '50320', TRUE),
    ('WR421', 'Wild Rose', '222 Dakota Lane', 'Kalamazoo', 'MI', '49001', TRUE),
    ('BX305', 'Bread Express', '3362 Ute Loop', 'Tiffin', 'OH', '44883', FALSE),
    ('BV446', 'Blue Vine', '40675 Raymond Curve', 'Columbus', 'GA', '31901', TRUE),
    ('GR208', 'Green Gardens', '394 Mesa Palms Avenue', 'Atlanta', 'GA', '15742', FALSE),
    ('DF600', 'Delish Food', '809 Weathersfield Ctr Park', 'Madisonville', 'OH', '45227', FALSE)
;

-- Add data to the products table
INSERT INTO inventory.products
    (sku, name, category_id, size, price)
VALUES
    ('ALB008', 'Delicate', 1, 8, 10.99),
    ('ALB032', 'Delicate', 1, 32, 18.99),
    ('ALB064', 'Delicate', 1, 64, 22.99),
    ('ALB128', 'Delicate', 1, 128, 26.99),
    ('EV008', 'Extra Virgin', 1, 8, 8.99),
    ('EV016', 'Extra Virgin', 1, 16, 12.99),
    ('EV032', 'Extra Virgin', 1, 32, 16.99),
    ('EV064', 'Extra Virgin', 1, 64, 20.99),
    ('EV128', 'Extra Virgin', 1, 128, 24.99),
    ('FCP008', 'First Cold Press', 1, 8, 8.99),
    ('FCP016', 'First Cold Press', 1, 16, 12.99),
    ('FCP032', 'First Cold Press', 1, 32, 16.99),
    ('FCP064', 'First Cold Press', 1, 64, 20.99),
    ('FCP128', 'First Cold Press', 1, 128, 24.99),
    ('FR008', 'Frantoio', 1, 8, 10.99),
    ('FR016', 'Frantoio', 1, 16, 14.99),
    ('FR032', 'Frantoio', 1, 32, 18.99),
    ('FR064', 'Frantoio', 1, 64, 22.99),
    ('FR128', 'Frantoio', 1, 128, 26.99),
    ('HOJ008', 'Bold', 1, 8, 11.99),
    ('HOJ016', 'Bold', 1, 16, 15.99),
    ('HOJ032', 'Bold', 1, 32, 19.99),
    ('HOJ064', 'Bold', 1, 64, 23.99),
    ('HOJ128', 'Bold', 1, 128, 27.99),
    ('KRN008', 'Koroneiki', 1, 8, 10.99),
    ('KRN016', 'Koroneiki', 1, 16, 14.99),
    ('KRN032', 'Koroneiki', 1, 32, 18.99),
    ('KRN064', 'Koroneiki', 1, 64, 22.99),
    ('KRN128', 'Koroneiki', 1, 128, 26.99),
    ('LEC008', 'Leccino', 1, 8, 10.99),
    ('LEC016', 'Leccino', 1, 16, 14.99),
    ('LEC032', 'Leccino', 1, 32, 18.99),
    ('LEC064', 'Leccino', 1, 64, 22.99),
    ('LEC128', 'Leccino', 1, 128, 26.99),
    ('LGT008', 'Light', 1, 8, 8.99),
    ('LGT016', 'Light', 1, 16, 12.99),
    ('LGT032', 'Light', 1, 32, 16.99),
    ('LGT064', 'Light', 1, 64, 20.99),
    ('LGT128', 'Light', 1, 128, 24.99),
    ('MAN008', 'Manzanilla', 1, 8, 10.99),
    ('MAN016', 'Manzanilla', 1, 16, 14.99),
    ('MAN032', 'Manzanilla', 1, 32, 18.99),
    ('MAN064', 'Manzanilla', 1, 64, 22.99),
    ('MAN128', 'Manzanilla', 1, 128, 26.99),
    ('MIS008', 'Mission', 1, 8, 10.99),
    ('MIS016', 'Mission', 1, 16, 14.99),
    ('MIS032', 'Mission', 1, 32, 18.99),
    ('MIS064', 'Mission', 1, 64, 22.99),
    ('MIS128', 'Mission', 1, 128, 26.99),
    ('MOR008', 'Moraiolo', 1, 8, 10.99),
    ('MOR016', 'Moraiolo', 1, 16, 14.99),
    ('MOR032', 'Moraiolo', 1, 32, 18.99),
    ('MOR064', 'Moraiolo', 1, 64, 22.99),
    ('MOR128', 'Moraiolo', 1, 128, 26.99),
    ('OBL008', 'Oblica', 1, 8, 11.99),
    ('OBL016', 'Oblica', 1, 16, 15.99),
    ('OBL032', 'Oblica', 1, 32, 19.99),
    ('OBL064', 'Oblica', 1, 64, 22.99),
    ('OBL128', 'Oblica', 1, 128, 27.99),
    ('PEN008', 'Pendolino', 1, 8, 10.99),
    ('PEN016', 'Pendolino', 1, 16, 14.99),
    ('PEN032', 'Pendolino', 1, 32, 18.99),
    ('PEN064', 'Pendolino', 1, 64, 22.99),
    ('PEN128', 'Pendolino', 1, 128, 26.99),
    ('PCH008', 'Picholine', 1, 8, 11.99),
    ('PCH016', 'Picholine', 1, 16, 15.99),
    ('PCH032', 'Picholine', 1, 32, 19.99),
    ('PCH064', 'Picholine', 1, 64, 23.99),
    ('PCH128', 'Picholine', 1, 128, 27.99),
    ('PIC008', 'Picual', 1, 8, 10.99),
    ('PIC016', 'Picual', 1, 16, 14.99),
    ('PIC032', 'Picual', 1, 32, 18.99),
    ('PIC064', 'Picual', 1, 64, 22.99),
    ('PIC128', 'Picual', 1, 128, 26.99),
    ('PUR008', 'Pure', 1, 8, 8.99),
    ('PUR016', 'Pure', 1, 16, 12.99),
    ('PUR032', 'Pure', 1, 32, 16.99),
    ('PUR064', 'Pure', 1, 64, 20.99),
    ('PUR128', 'Pure', 1, 128, 24.99),
    ('REF008', 'Refined', 1, 8, 8.99),
    ('REF016', 'Refined', 1, 16, 12.99),
    ('REF032', 'Refined', 1, 32, 16.99),
    ('REF064', 'Refined', 1, 64, 20.99),
    ('REF128', 'Refined', 1, 128, 24.99),
    ('V008', 'Virgin', 1, 8, 8.99),
    ('V016', 'Virgin', 1, 16, 12.99),
    ('V032', 'Virgin', 1, 32, 16.99),
    ('V064', 'Virgin', 1, 64, 20.99),
    ('V128', 'Virgin', 1, 128, 24.99),
    ('MI008', 'Mandarin-Infused EVO', 2, 8, 8.99),
    ('MI016', 'Mandarin-Infused EVO', 2, 16, 12.99),
    ('MI032', 'Mandarin-Infused EVO', 2, 32, 16.99),
    ('LI008', 'Lemon-Infused EVO', 2, 8, 8.99),
    ('LI016', 'Lemon-Infused EVO', 2, 16, 12.99),
    ('LI032', 'Lemon-Infused EVO', 2, 32, 16.99),
    ('BI008', 'Basil-Infused EVO', 2, 8, 10.99),
    ('BI016', 'Basil-Infused EVO', 2, 16, 14.99),
    ('BI032', 'Basil-Infused EVO', 2, 32, 18.99),
    ('RI008', 'Rosemary-Infused EVO', 2, 8, 10.99),
    ('RI016', 'Rosemary-Infused EVO', 2, 16, 14.99),
    ('RI032', 'Rosemary-Infused EVO', 2, 32, 18.99),
    ('GI008', 'Garlic-Infused EVO', 2, 8, 11.99),
    ('GI016', 'Garlic-Infused EVO', 2, 16, 15.99),
    ('GI032', 'Garlic-Infused EVO', 2, 32, 19.99),
    ('JI008', 'Chili-Infused EVO', 2, 8, 11.99),
    ('JI016', 'Chili-Infused EVO', 2, 16, 15.99),
    ('JI032', 'Chili-Infused EVO', 2, 32, 19.99),
    ('OGEC004', 'Olive Glow eye cream', 3, 4, 18.99),
    ('OGFL006', 'Olive Glow face lotion', 3, 6, 14.99),
    ('OGBL012', 'Olive Glow body lotion', 3, 12, 12.99),
    ('OGFT006', 'Olive Glow foot treatment', 3, 6, 7.99),
    ('OGNR004', 'Olive Glow night repair', 3, 4, 21.99),
    ('OGBG016', 'Olive Glow bath gel', 3, 16, 9.99),
    ('OGHS006', 'Olive Glow hand soap', 3, 6, 6.99)
;

-- Add data to the orders table
INSERT INTO sales.orders (order_date, customer_id) VALUES
    ('2021-03-15', 'BX305'),
    ('2021-03-17', 'GR208'),
    ('2021-03-19', 'BV446'),
    ('2021-03-19', 'BV446'),
    ('2021-03-20', 'FV418'),
    ('2021-03-21', 'DF600'),
    ('2021-03-22', 'FV418'),
    ('2021-03-23', 'WR421'),
    ('2021-03-24', 'WR421'),
    ('2021-03-25', 'GR208'),
    ('2021-03-25', 'BX305'),
    ('2021-03-26', 'GR208'),
    ('2021-03-26', 'BV446'),
    ('2021-03-27', 'FV418'),
    ('2021-03-28', 'WR421'),
    ('2021-03-28', 'BV446'),
    ('2021-03-28', 'DF600'),
    ('2021-03-29', 'DF600'),
    ('2021-03-29', 'BX305'),
    ('2021-03-30', 'GR208'),
    ('2021-03-31', 'BX305'),
    ('2021-04-01', 'BX305'),
    ('2021-04-03', 'GR208'),
    ('2021-04-05', 'BV446'),
    ('2021-04-05', 'BV446'),
    ('2021-04-06', 'FV418'),
    ('2021-04-07', 'DF600'),
    ('2021-04-08', 'FV418'),
    ('2021-04-09', 'WR421'),
    ('2021-04-10', 'WR421'),
    ('2021-04-11', 'GR208'),
    ('2021-04-11', 'BX305'),
    ('2021-04-12', 'GR208'),
    ('2021-04-12', 'BV446'),
    ('2021-04-13', 'FV418'),
    ('2021-04-14', 'WR421'),
    ('2021-04-14', 'BV446'),
    ('2021-04-14', 'DF600'),
    ('2021-04-15', 'DF600'),
    ('2021-04-15', 'BX305'),
    ('2021-04-16', 'GR208'),
    ('2021-04-16', 'BX305'),
    ('2021-04-17', 'GR208'),
    ('2021-04-19', 'BV446'),
    ('2021-04-19', 'BV446'),
    ('2021-04-20', 'FV418'),
    ('2021-04-21', 'DF600'),
    ('2021-04-22', 'FV418'),
    ('2021-04-23', 'WR421'),
    ('2021-04-24', 'WR421'),
    ('2021-04-25', 'GR208'),
    ('2021-04-25', 'BX305'),
    ('2021-04-26', 'GR208'),
    ('2021-04-26', 'BV446'),
    ('2021-04-27', 'FV418'),
    ('2021-04-28', 'WR421'),
    ('2021-04-28', 'BV446'),
    ('2021-04-28', 'DF600'),
    ('2021-04-29', 'DF600'),
    ('2021-04-29', 'BX305'),
    ('2021-04-30', 'GR208')
;

-- Add data to the order_lines table
INSERT INTO sales.order_lines (order_id, sku, quantity) VALUES
    (1,  'HOJ016',  2),   
    (1,  'MAN128',  2),
    (1,  'MIS032',  1),
    (1,  'PEN008',  1),
    (1,  'RI016',  1),
    (2,  'FCP128',  2),
    (2,  'FCP128',  3),
    (2,  'LGT016',  3),
    (2,  'MIS064',  1),
    (2,  'OBL008',  3),
    (3,  'FCP016',  4),
    (4,  'MIS016',  1),
    (5,  'HOJ128',  2),
    (5,  'KRN128',  4),
    (5,  'LEC008',  4),
    (6,  'JI032',  1),
    (6,  'MOR032',  2),
    (6,  'PIC016',  1),
    (6,  'RI032',  4),
    (7,  'LI016',  3),
    (7,  'PIC008',  4),
    (7,  'PIC064',  3),
    (7,  'V032',  4),
    (8,  'FCP008',  4),
    (8,  'RI008',  1),
    (9,  'EV008',  3),
    (9,  'OBL128',  2),
    (10,  'FCP008',  5),
    (10,  'LGT008',  3),
    (10,  'PUR016',  4),
    (10,  'V064',  1),
    (11,  'KRN128',  3),
    (12,  'JI032',  3),
    (12,  'OBL128',  1),
    (12,  'PCH032',  4),
    (13,  'HOJ008',  2),
    (13,  'PUR064',  2),
    (13,  'PUR128',  3),
    (13,  'REF008',  3),
    (14,  'EV128',  5),
    (15,  'FR128',  5),
    (15,  'PCH064',  4),
    (15,  'PUR064',  4),
    (16,  'FCP128',  2),
    (16,  'PEN064',  4),
    (17,  'ALB064',  3),
    (17,  'ALB128',  2),
    (17,  'GI032',  4),
    (17,  'HOJ064',  2),
    (17,  'JI016',  1),
    (17,  'PIC016',  4),
    (18,  'FR008',  2),
    (18,  'PIC016',  2),
    (18,  'REF008',  2),
    (19,  'JI016',  3),
    (19,  'MI008',  3),
    (20,  'BI008',  4),
    (20,  'EV032',  4),
    (20,  'FR064',  1),
    (20,  'PEN032',  2),
    (21,  'HOJ016',  3),
    (22,  'MAN128',  5),
    (22,  'MIS032',  4),
    (22,  'PEN008',  4),
    (22,  'RI016',  3),
    (23,  'FCP128',  1),
    (23,  'FCP128',  4),
    (23,  'LGT016',  2),
    (23,  'MIS064',  2),
    (23,  'OBL008',  3),
    (24,  'FCP016',  1),
    (25,  'MIS016',  1),
    (26,  'HOJ128',  4),
    (26,  'KRN128',  1),
    (26,  'LEC008',  4),
    (27,  'JI032',  2),
    (27,  'MOR032',  4),
    (27,  'PIC016',  2),
    (27,  'RI032',  1),
    (28,  'LI016',  2),
    (28,  'PIC008',  4),
    (28,  'PIC064',  2),
    (28,  'V032',  2),
    (29,  'FCP008',  1),
    (29,  'RI008',  2),
    (30,  'EV008',  3),
    (30,  'OBL128',  2),
    (31,  'FCP008',  3),
    (31,  'LGT008',  4),
    (31,  'PUR016',  1),
    (31,  'V064',  3),
    (32,  'KRN128',  2),
    (33,  'JI032',  3),
    (33,  'OBL128',  4),
    (33,  'PCH032',  4),
    (34,  'HOJ008',  1),
    (34,  'PUR064',  2),
    (34,  'PUR128',  1),
    (34,  'REF008',  3),
    (35,  'EV128',  2),
    (36,  'FR128',  1),
    (36,  'PCH064',  2),
    (36,  'PUR064',  2),
    (37,  'FCP128',  3),
    (37,  'PEN064',  5),
    (38,  'ALB064',  4),
    (38,  'ALB128',  4),
    (38,  'GI032',  4),
    (38,  'HOJ064',  1),
    (38,  'JI016',  2),
    (38,  'PIC016',  5),
    (39,  'FR008',  3),
    (39,  'PIC016',  4),
    (39,  'REF008',  4),
    (40,  'JI016',  3),
    (40,  'MI008',  1),
    (41,  'BI008',  1),
    (41,  'EV032',  4),
    (41,  'FR064',  1),
    (41,  'PEN032',  2),
    (41,  'HOJ016',  1),
    (42,  'MAN128',  3),
    (42,  'MIS032',  4),
    (42,  'PEN008',  3),
    (42,  'RI016',  2),
    (43,  'FCP128',  4),
    (43,  'FCP128',  4),
    (43,  'LGT016',  1),
    (43,  'MIS064',  3),
    (43,  'OBL008',  4),
    (44,  'FCP016',  4),
    (45,  'MIS016',  2),
    (46,  'HOJ128',  5),
    (46,  'KRN128',  3),
    (46,  'LEC008',  3),
    (47,  'JI032',  3),
    (47,  'MOR032',  3),
    (47,  'PIC016',  1),
    (47,  'RI032',  2),
    (48,  'LI016',  1),
    (48,  'PIC008',  2),
    (48,  'PIC064',  2),
    (48,  'V032',  1),
    (49,  'FCP008',  2),
    (49,  'RI008',  3),
    (50,  'EV008',  3),
    (50,  'OBL128',  2),
    (51,  'FCP008',  4),
    (51,  'LGT008',  2),
    (51,  'PUR016',  4),
    (51,  'V064',  5),
    (52,  'KRN128',  2),
    (53,  'JI032',  2),
    (53,  'OBL128',  5),
    (53,  'PCH032',  4),
    (54,  'HOJ008',  4),
    (54,  'PUR064',  4),
    (54,  'PUR128',  3),
    (54,  'REF008',  2),
    (55,  'EV128',  1),
    (56,  'FR128',  1),
    (56,  'PCH064',  4),
    (56,  'PUR064',  3),
    (57,  'FCP128',  3),
    (57,  'PEN064',  3),
    (58,  'ALB064',  3),
    (58,  'ALB128',  3),
    (58,  'GI032',  4),
    (58,  'HOJ064',  1),
    (58,  'JI016',  4),
    (58,  'PIC016',  1),
    (59,  'FR008',  3),
    (59,  'PIC016',  2),
    (59,  'REF008',  3),
    (60,  'JI016',  2),
    (60,  'MI008',  4)
;
